[
  {
    "name": "致敬",
    "value": 988
  },
  {
    "name": "加油",
    "value": 796
  },
  {
    "name": "我们",
    "value": 770
  },
  {
    "name": "中国",
    "value": 735
  },
  {
    "name": "武汉",
    "value": 597
  },
  {
    "name": "疫情",
    "value": 570
  },
  {
    "name": "英雄",
    "value": 553
  },
  {
    "name": "你们",
    "value": 510
  },
  {
    "name": "真的",
    "value": 501
  },
  {
    "name": "感谢",
    "value": 470
  },
  {
    "name": "感动",
    "value": 456
  },
  {
    "name": "不敢",
    "value": 428
  },
  {
    "name": "这个",
    "value": 413
  },
  {
    "name": "没有",
    "value": 397
  },
  {
    "name": "所有",
    "value": 389
  },
  {
    "name": "电视剧",
    "value": 387
  },
  {
    "name": "一起",
    "value": 384
  },
  {
    "name": "行者",
    "value": 373
  },
  {
    "name": "医护人员",
    "value": 357
  },
  {
    "name": "医生",
    "value": 333
  },
  {
    "name": "导演",
    "value": 333
  },
  {
    "name": "最美",
    "value": 318
  },
  {
    "name": "一个",
    "value": 316
  },
  {
    "name": "眼泪",
    "value": 292
  },
  {
    "name": "演员",
    "value": 291
  },
  {
    "name": "抗疫",
    "value": 290
  },
  {
    "name": "这部",
    "value": 288
  },
  {
    "name": "真实",
    "value": 249
  },
  {
    "name": "伟大",
    "value": 245
  },
  {
    "name": "看到",
    "value": 244
  },
  {
    "name": "他们",
    "value": 235
  },
  {
    "name": "自己",
    "value": 234
  },
  {
    "name": "时候",
    "value": 234
  },
  {
    "name": "一直",
    "value": 225
  },
  {
    "name": "知道",
    "value": 224
  },
  {
    "name": "人民",
    "value": 222
  },
  {
    "name": "一线",
    "value": 219
  },
  {
    "name": "这么",
    "value": 217
  },
  {
    "name": "终于",
    "value": 217
  },
  {
    "name": "祖国",
    "value": 204
  },
  {
    "name": "就是",
    "value": 201
  },
  {
    "name": "看着",
    "value": 193
  },
  {
    "name": "希望",
    "value": 193
  },
  {
    "name": "还是",
    "value": 189
  },
  {
    "name": "什么",
    "value": 182
  },
  {
    "name": "好看",
    "value": 181
  },
  {
    "name": "现在",
    "value": 179
  },
  {
    "name": "大家",
    "value": 178
  },
  {
    "name": "点赞",
    "value": 176
  },
  {
    "name": "辛苦",
    "value": 176
  },
  {
    "name": "怎么",
    "value": 164
  },
  {
    "name": "开始",
    "value": 161
  },
  {
    "name": "付出",
    "value": 159
  },
  {
    "name": "白衣天使",
    "value": 153
  },
  {
    "name": "因为",
    "value": 151
  },
  {
    "name": "院长",
    "value": 151
  },
  {
    "name": "张嘉译",
    "value": 151
  },
  {
    "name": "那些",
    "value": 144
  },
  {
    "name": "不是",
    "value": 143
  },
  {
    "name": "感觉",
    "value": 143
  },
  {
    "name": "一部",
    "value": 140
  },
  {
    "name": "感人",
    "value": 140
  },
  {
    "name": "护士",
    "value": 138
  },
  {
    "name": "当时",
    "value": 137
  },
  {
    "name": "一位",
    "value": 136
  },
  {
    "name": "应该",
    "value": 136
  },
  {
    "name": "国家",
    "value": 136
  },
  {
    "name": "湖北",
    "value": 134
  },
  {
    "name": "第一集",
    "value": 129
  },
  {
    "name": "医院",
    "value": 125
  },
  {
    "name": "电视",
    "value": 125
  },
  {
    "name": "为什么",
    "value": 125
  },
  {
    "name": "第一",
    "value": 124
  },
  {
    "name": "一样",
    "value": 122
  },
  {
    "name": "那个",
    "value": 122
  },
  {
    "name": "但是",
    "value": 121
  },
  {
    "name": "可以",
    "value": 120
  },
  {
    "name": "一集",
    "value": 117
  },
  {
    "name": "不能",
    "value": 112
  },
  {
    "name": "明星",
    "value": 110
  },
  {
    "name": "那么",
    "value": 109
  },
  {
    "name": "生命",
    "value": 109
  },
  {
    "name": "这些",
    "value": 108
  },
  {
    "name": "作为",
    "value": 105
  },
  {
    "name": "等到",
    "value": 105
  },
  {
    "name": "觉得",
    "value": 101
  },
  {
    "name": "流泪",
    "value": 101
  },
  {
    "name": "谢谢",
    "value": 100
  },
  {
    "name": "期间",
    "value": 100
  },
  {
    "name": "感恩",
    "value": 100
  },
  {
    "name": "工作者",
    "value": 99
  },
  {
    "name": "害怕",
    "value": 98
  },
  {
    "name": "心里",
    "value": 96
  },
  {
    "name": "喜欢",
    "value": 96
  },
  {
    "name": "来看",
    "value": 95
  },
  {
    "name": "不要",
    "value": 94
  },
  {
    "name": "谢谢你们",
    "value": 94
  },
  {
    "name": "这样",
    "value": 92
  },
  {
    "name": "还有",
    "value": 90
  },
  {
    "name": "全国",
    "value": 90
  },
  {
    "name": "医护",
    "value": 89
  },
  {
    "name": "难受",
    "value": 89
  },
  {
    "name": "期待",
    "value": 87
  },
  {
    "name": "病毒",
    "value": 87
  },
  {
    "name": "为了",
    "value": 86
  },
  {
    "name": "每个",
    "value": 86
  },
  {
    "name": "经历",
    "value": 86
  },
  {
    "name": "忍不住",
    "value": 85
  },
  {
    "name": "强大",
    "value": 83
  },
  {
    "name": "今年",
    "value": 82
  },
  {
    "name": "这是",
    "value": 82
  },
  {
    "name": "评分",
    "value": 80
  },
  {
    "name": "特别",
    "value": 80
  },
  {
    "name": "口罩",
    "value": 79
  },
  {
    "name": "虽然",
    "value": 77
  },
  {
    "name": "今天",
    "value": 77
  },
  {
    "name": "已经",
    "value": 77
  },
  {
    "name": "平凡",
    "value": 76
  },
  {
    "name": "出来",
    "value": 76
  },
  {
    "name": "人们",
    "value": 75
  },
  {
    "name": "有人",
    "value": 75
  },
  {
    "name": "好好",
    "value": 75
  },
  {
    "name": "只有",
    "value": 74
  },
  {
    "name": "片酬",
    "value": 72
  },
  {
    "name": "过来",
    "value": 72
  },
  {
    "name": "快乐",
    "value": 72
  },
  {
    "name": "骄傲",
    "value": 72
  },
  {
    "name": "这次",
    "value": 72
  },
  {
    "name": "前行",
    "value": 72
  },
  {
    "name": "必须",
    "value": 72
  },
  {
    "name": "一切",
    "value": 71
  },
  {
    "name": "如果",
    "value": 70
  },
  {
    "name": "负重",
    "value": 70
  },
  {
    "name": "一次",
    "value": 69
  },
  {
    "name": "好多",
    "value": 68
  },
  {
    "name": "看怕",
    "value": 68
  },
  {
    "name": "泪点",
    "value": 68
  },
  {
    "name": "过去",
    "value": 67
  },
  {
    "name": "人员",
    "value": 66
  },
  {
    "name": "止不住",
    "value": 65
  },
  {
    "name": "演技",
    "value": 65
  },
  {
    "name": "很多",
    "value": 64
  },
  {
    "name": "这种",
    "value": 64
  },
  {
    "name": "岁月",
    "value": 64
  },
  {
    "name": "快递",
    "value": 64
  },
  {
    "name": "泪目",
    "value": 64
  },
  {
    "name": "看看",
    "value": 63
  },
  {
    "name": "中秋",
    "value": 62
  },
  {
    "name": "容易",
    "value": 62
  },
  {
    "name": "邓伦",
    "value": 61
  },
  {
    "name": "稀里哗啦",
    "value": 61
  },
  {
    "name": "前线",
    "value": 60
  },
  {
    "name": "一定",
    "value": 60
  },
  {
    "name": "志愿者",
    "value": 60
  },
  {
    "name": "有点",
    "value": 59
  },
  {
    "name": "杨洋",
    "value": 59
  },
  {
    "name": "钟南山",
    "value": 59
  },
  {
    "name": "多少",
    "value": 58
  },
  {
    "name": "努力",
    "value": 58
  },
  {
    "name": "值得",
    "value": 58
  },
  {
    "name": "一年",
    "value": 58
  },
  {
    "name": "评论",
    "value": 58
  },
  {
    "name": "片子",
    "value": 58
  },
  {
    "name": "电影",
    "value": 58
  },
  {
    "name": "控制",
    "value": 58
  },
  {
    "name": "每天",
    "value": 57
  },
  {
    "name": "心疼",
    "value": 57
  },
  {
    "name": "工作",
    "value": 57
  },
  {
    "name": "纸巾",
    "value": 57
  },
  {
    "name": "只是",
    "value": 57
  },
  {
    "name": "打卡",
    "value": 57
  },
  {
    "name": "起来",
    "value": 56
  },
  {
    "name": "不了",
    "value": 56
  },
  {
    "name": "真是",
    "value": 56
  },
  {
    "name": "非常",
    "value": 56
  },
  {
    "name": "新冠",
    "value": 56
  },
  {
    "name": "结束",
    "value": 55
  },
  {
    "name": "时间",
    "value": 55
  },
  {
    "name": "一名",
    "value": 54
  },
  {
    "name": "所有人",
    "value": 54
  },
  {
    "name": "出演",
    "value": 53
  },
  {
    "name": "太难",
    "value": 52
  },
  {
    "name": "静好",
    "value": 52
  },
  {
    "name": "这剧",
    "value": 52
  },
  {
    "name": "所以",
    "value": 51
  },
  {
    "name": "贡献",
    "value": 51
  },
  {
    "name": "眼睛",
    "value": 51
  },
  {
    "name": "永远",
    "value": 51
  },
  {
    "name": "想想",
    "value": 50
  },
  {
    "name": "张嘉益",
    "value": 50
  },
  {
    "name": "小哥",
    "value": 50
  },
  {
    "name": "一下",
    "value": 50
  },
  {
    "name": "感染",
    "value": 49
  },
  {
    "name": "下去",
    "value": 49
  },
  {
    "name": "故事",
    "value": 49
  },
  {
    "name": "不错",
    "value": 49
  },
  {
    "name": "生活",
    "value": 48
  },
  {
    "name": "奋战",
    "value": 48
  },
  {
    "name": "天使",
    "value": 48
  },
  {
    "name": "不会",
    "value": 47
  },
  {
    "name": "以为",
    "value": 47
  },
  {
    "name": "平安",
    "value": 47
  },
  {
    "name": "刚看",
    "value": 47
  },
  {
    "name": "不住",
    "value": 47
  },
  {
    "name": "医务人员",
    "value": 46
  },
  {
    "name": "现实",
    "value": 46
  },
  {
    "name": "泪流满面",
    "value": 46
  },
  {
    "name": "以后",
    "value": 45
  },
  {
    "name": "支持",
    "value": 45
  },
  {
    "name": "看见",
    "value": 45
  },
  {
    "name": "紧张",
    "value": 45
  },
  {
    "name": "奋斗",
    "value": 44
  },
  {
    "name": "活着",
    "value": 44
  },
  {
    "name": "真正",
    "value": 44
  },
  {
    "name": "热泪盈眶",
    "value": 44
  },
  {
    "name": "里面",
    "value": 44
  },
  {
    "name": "更新",
    "value": 44
  },
  {
    "name": "第二集",
    "value": 44
  },
  {
    "name": "可能",
    "value": 43
  },
  {
    "name": "这场",
    "value": 43
  },
  {
    "name": "国庆",
    "value": 43
  },
  {
    "name": "最后",
    "value": 43
  },
  {
    "name": "还原",
    "value": 43
  },
  {
    "name": "团结",
    "value": 43
  },
  {
    "name": "泪奔",
    "value": 43
  },
  {
    "name": "守护",
    "value": 42
  },
  {
    "name": "战士",
    "value": 42
  },
  {
    "name": "心酸",
    "value": 42
  },
  {
    "name": "不行",
    "value": 42
  },
  {
    "name": "几个",
    "value": 42
  },
  {
    "name": "不想",
    "value": 41
  },
  {
    "name": "发生",
    "value": 41
  },
  {
    "name": "准备",
    "value": 41
  },
  {
    "name": "揪心",
    "value": 41
  },
  {
    "name": "无恙",
    "value": 41
  },
  {
    "name": "受不了",
    "value": 41
  },
  {
    "name": "哪个",
    "value": 41
  },
  {
    "name": "阵容",
    "value": 41
  },
  {
    "name": "战争",
    "value": 40
  },
  {
    "name": "好像",
    "value": 40
  },
  {
    "name": "那种",
    "value": 40
  },
  {
    "name": "世界",
    "value": 40
  },
  {
    "name": "医务",
    "value": 40
  },
  {
    "name": "其实",
    "value": 39
  },
  {
    "name": "唯一",
    "value": 39
  },
  {
    "name": "事情",
    "value": 39
  },
  {
    "name": "恐惧",
    "value": 39
  },
  {
    "name": "国泰民安",
    "value": 39
  },
  {
    "name": "第一次",
    "value": 39
  },
  {
    "name": "会员",
    "value": 39
  },
  {
    "name": "工作人员",
    "value": 39
  },
  {
    "name": "山河",
    "value": 39
  },
  {
    "name": "太好了",
    "value": 39
  },
  {
    "name": "默默",
    "value": 38
  },
  {
    "name": "感受",
    "value": 38
  },
  {
    "name": "战胜",
    "value": 38
  },
  {
    "name": "两集",
    "value": 38
  },
  {
    "name": "剧情",
    "value": 38
  },
  {
    "name": "病人",
    "value": 38
  },
  {
    "name": "沙发",
    "value": 38
  },
  {
    "name": "那段",
    "value": 38
  },
  {
    "name": "卫视",
    "value": 37
  },
  {
    "name": "孩子",
    "value": 37
  },
  {
    "name": "支援",
    "value": 37
  },
  {
    "name": "有没有",
    "value": 37
  },
  {
    "name": "日子",
    "value": 37
  },
  {
    "name": "我来",
    "value": 37
  },
  {
    "name": "回忆",
    "value": 37
  },
  {
    "name": "过年",
    "value": 36
  },
  {
    "name": "在家",
    "value": 36
  },
  {
    "name": "哪有什么",
    "value": 36
  },
  {
    "name": "可爱",
    "value": 36
  },
  {
    "name": "厉害",
    "value": 35
  },
  {
    "name": "家人",
    "value": 35
  },
  {
    "name": "张定宇",
    "value": 35
  },
  {
    "name": "想起",
    "value": 35
  },
  {
    "name": "啊啊啊",
    "value": 35
  },
  {
    "name": "看得",
    "value": 35
  },
  {
    "name": "社区",
    "value": 35
  },
  {
    "name": "还好",
    "value": 34
  },
  {
    "name": "严重",
    "value": 34
  },
  {
    "name": "需要",
    "value": 34
  },
  {
    "name": "陈道明",
    "value": 34
  },
  {
    "name": "突然",
    "value": 34
  },
  {
    "name": "越来越",
    "value": 34
  },
  {
    "name": "佳音",
    "value": 34
  },
  {
    "name": "才能",
    "value": 34
  },
  {
    "name": "追完",
    "value": 33
  },
  {
    "name": "众志成城",
    "value": 33
  },
  {
    "name": "华夏",
    "value": 33
  },
  {
    "name": "幸福",
    "value": 33
  },
  {
    "name": "自豪",
    "value": 33
  },
  {
    "name": "好久",
    "value": 33
  },
  {
    "name": "第一个",
    "value": 33
  },
  {
    "name": "坚持",
    "value": 32
  },
  {
    "name": "拼过",
    "value": 32
  },
  {
    "name": "保护",
    "value": 32
  },
  {
    "name": "战斗",
    "value": 32
  },
  {
    "name": "力量",
    "value": 32
  },
  {
    "name": "一点",
    "value": 32
  }
]